date,U_published,factor_standardised,factor_U_units,factor_U_lo95,factor_U_hi95,implied_gap
1971-02-01,3.8,0.19324468,3.8002972,3.7856708,3.8149236,0.00029718309
1971-03-01,3.9,0.17379227,3.9005589,3.8859962,3.9151215,0.00055887278
1971-04-01,4,0.15621033,3.9988689,3.9843062,4.0134316,-0.0011310883
1971-05-01,4.1,0.14015418,4.0996926,4.0851299,4.1142552,-0.00030743334
1971-06-01,4.1,0.12582853,4.1014333,4.0868706,4.115996,0.0014333093
1971-07-01,4.2,0.11302103,4.1991389,4.1845763,4.2137016,-0.0008610708
1971-08-01,4.2,0.10152395,4.2003022,4.1857396,4.2148649,0.00030222294
1971-09-01,4.3,0.090960243,4.2999948,4.2854321,4.3145574,-5.2273471e-06
1971-10-01,4.4,0.081378429,4.3991362,4.3845735,4.4136989,-0.00086378689
1971-11-01,4.4,0.072809266,4.401428,4.3868653,4.4159907,0.0014280166
1971-12-01,4.5,0.065164646,4.4991309,4.4845683,4.5136936,-0.00086907561
1972-01-01,4.5,0.058349971,4.4994305,4.4848678,4.5139932,-0.00056948373
1972-02-01,4.5,0.052147171,4.5005616,4.4859989,4.5151242,0.00056157261
1972-03-01,4.5,0.046679675,4.5000027,4.48544,4.5145653,2.6784667e-06
1972-04-01,4.5,0.041863961,4.4996978,4.4851352,4.5142605,-0.00030217561
1972-05-01,4.4,0.037756939,4.4008612,4.3862986,4.4154239,0.00086123758
1972-06-01,4.4,0.03405724,4.3985772,4.3840145,4.4131398,-0.0014228285
1972-07-01,4.3,0.030694542,4.3014176,4.286855,4.3159803,0.0014176355
1972-08-01,4.3,0.027693308,4.2985825,4.2840198,4.3131451,-0.0014175394
1972-09-01,4.2,0.024970056,4.2014255,4.1868629,4.2159882,0.0014255412
1972-10-01,4.2,0.022547113,4.1994436,4.184881,4.2140063,-0.00055635827
1972-11-01,4.2,0.020340629,4.19969,4.1851273,4.2142526,-0.00031002867
1972-12-01,4.1,0.018606209,4.1005589,4.0859962,4.1151216,0.00055889036
1973-01-01,4,0.017241039,3.9994332,3.9848705,4.0139959,-0.00056681173
1973-02-01,3.9,0.015937876,3.899441,3.8848784,3.9140037,-0.00055897668
1973-03-01,3.8,0.014631699,3.8014255,3.7868628,3.8159881,0.0014254757
1973-04-01,3.8,0.013448446,3.7985773,3.7840146,3.8131399,-0.001422747
1973-05-01,3.7,0.012343374,3.7008613,3.6862987,3.715424,0.00086132109
1973-06-01,3.7,0.011333778,3.6997057,3.6851431,3.7142684,-0.00029428244
1973-07-01,3.6,0.010635033,3.6008665,3.5863039,3.6154292,0.00086653761
1973-08-01,3.6,0.010041154,3.5991336,3.5845709,3.6136963,-0.00086639585
1973-09-01,3.5,0.0095727065,3.5002996,3.4857369,3.5148623,0.0002995926
1973-10-01,3.5,0.0090268503,3.4996952,3.4851326,3.5142579,-0.00030475839
1973-11-01,3.4,0.0086258741,3.4003102,3.3857475,3.4148729,0.00031021128
1973-12-01,3.4,0.0080285035,3.4003128,3.3857502,3.4148755,0.00031282821
1974-01-01,3.5,0.0072087937,3.5000001,3.4854374,3.5145627,7.2682413e-08
1974-02-01,3.6,0.0064365307,3.5996899,3.5851273,3.6142526,-0.00031006656
1974-03-01,3.6,0.0059493821,3.5999973,3.5854346,3.61456,-2.689805e-06
1974-04-01,3.6,0.0055920413,3.5999948,3.5854322,3.6145575,-5.1694571e-06
1974-05-01,3.6,0.005274362,3.5994463,3.5848836,3.614009,-0.00055370851
1974-06-01,3.6,0.0048841706,3.6014255,3.5868628,3.6159882,0.0014255026
1974-07-01,3.7,0.0045484554,3.6985746,3.6840119,3.7131373,-0.0014254105
1974-08-01,3.7,0.0042626106,3.7005538,3.6859911,3.7151165,0.00055380061
1974-09-01,3.7,0.0041543351,3.7000053,3.6854426,3.7145679,5.2619946e-06
1974-10-01,3.7,0.0041124355,3.7000028,3.6854402,3.7145655,2.8302318e-06
1974-11-01,3.7,0.0040466795,3.7003154,3.6857528,3.7148781,0.00031544713
1974-12-01,3.8,0.0037970171,3.8005644,3.7860017,3.815127,0.0005643683
1975-01-01,3.9,0.0035822359,3.8994384,3.8848757,3.914001,-0.00056161746
1975-02-01,4,0.0032431151,3.9999895,3.9854268,4.0145521,-1.0534069e-05
1975-03-01,4.1,0.0028259883,4.0994332,4.0848705,4.1139958,-0.00056683642
1975-04-01,4.2,0.0022622735,4.2000079,4.1854453,4.2145706,7.9175596e-06
1975-05-01,4.3,0.0016748476,4.3014308,4.2868681,4.3159934,0.0014307555
1975-06-01,4.5,0.0011374741,4.4985746,4.484012,4.5131373,-0.0014253753
1975-07-01,4.6,0.00062350799,4.6005537,4.5859911,4.6151164,0.00055373873
1975-08-01,4.7,0.0002497487,4.7,4.6854373,4.7145626,-4.2243058e-08
1975-09-01,4.8,-0.00010324398,4.7994384,4.7848758,4.8140011,-0.00056156
1975-10-01,4.9,-0.00053668559,4.9005617,4.885999,4.9151243,0.00056166266
1975-11-01,5,-0.00086090429,5.0000053,4.9854426,5.014568,5.2885657e-06
1975-12-01,5.1,-0.0011409085,5.1,5.0854374,5.1145627,4.7301514e-08
1976-01-01,5.2,-0.0013874304,5.1999974,5.1854347,5.21456,-2.6427178e-06
1976-02-01,5.3,-0.0015646673,5.2996925,5.2851299,5.3142552,-0.00030745243
1976-03-01,5.3,-0.0015513385,5.3003048,5.2857421,5.3148674,0.00030477885
1976-04-01,5.4,-0.0016258445,5.3996925,5.3851298,5.4142552,-0.00030750143
1976-05-01,5.4,-0.0015283987,5.3999922,5.3854295,5.4145548,-7.837584e-06
1976-06-01,5.4,-0.0014170384,5.3994463,5.3848836,5.414009,-0.00055371248
1976-07-01,5.4,-0.0014187488,5.4014307,5.3868681,5.4159934,0.0014307381
1976-08-01,5.5,-0.0013880173,5.4991362,5.4845735,5.5136989,-0.0008638029
1976-09-01,5.5,-0.0012631747,5.4999921,5.4854295,5.5145548,-7.8632189e-06
1976-10-01,5.5,-0.0011106413,5.4999999,5.4854373,5.5145626,-5.4685792e-08
1976-11-01,5.5,-0.00095480015,5.5,5.4854373,5.5145627,1.6626263e-08
1976-12-01,5.5,-0.00080434943,5.5,5.4854374,5.5145627,1.7277525e-08
1977-01-01,5.5,-0.00066282911,5.5,5.4854374,5.5145627,1.7281507e-08
1977-02-01,5.5,-0.0005338726,5.5,5.4854373,5.5145627,1.7066219e-08
1977-03-01,5.5,-0.00042645333,5.5,5.4854373,5.5145627,-6.5110672e-09
1977-04-01,5.5,-0.0003653917,5.4999974,5.4854348,5.5145601,-2.580904e-06
1977-05-01,5.5,-0.00041764756,5.4997459,5.4851832,5.5143086,-0.00025409807
1977-06-01,5.6,-0.00076070979,5.6002621,5.5856994,5.6148248,0.00026208355
1977-07-01,5.6,-0.00088063372,5.6008664,5.5863038,5.6154291,0.00086643476
1977-08-01,5.7,-0.0010102427,5.6985693,5.6840067,5.713132,-0.0014306816
1977-09-01,5.7,-0.0011436904,5.7005537,5.6859911,5.7151164,0.00055372118
1977-10-01,5.7,-0.0011353739,5.7000052,5.6854425,5.7145678,5.1816284e-06
1977-11-01,5.7,-0.0010547201,5.6999974,5.6854348,5.7145601,-2.5551593e-06
1977-12-01,5.7,-0.00088539123,5.6996978,5.6851352,5.7142605,-0.00030216996
1978-01-01,5.6,-0.00050966053,5.6008691,5.5863064,5.6154318,0.00086909964
1978-02-01,5.6,-0.00020101636,5.599441,5.5848784,5.6140037,-0.00055895567
1978-03-01,5.6,-5.6444714e-05,5.5999947,5.585432,5.6145574,-5.2961019e-06
1978-04-01,5.6,3.4480243e-05,5.599992,5.5854294,5.6145547,-7.9607611e-06
1978-05-01,5.6,0.0001285629,5.5991309,5.5845683,5.6136936,-0.00086906862
1978-06-01,5.5,0.00028541766,5.5008691,5.4863064,5.5154318,0.00086910097
1978-07-01,5.5,0.00038802818,5.5000079,5.4854453,5.5145706,7.9220199e-06
1978-08-01,5.5,0.00050003263,5.4999975,5.4854348,5.5145601,-2.5277455e-06
1978-09-01,5.5,0.00069025709,5.4996978,5.4851351,5.5142604,-0.00030223903
1978-10-01,5.4,0.0011010694,5.4008612,5.3862985,5.4154238,0.0008611748
1978-11-01,5.4,0.0014804603,5.398572,5.3840094,5.4131347,-0.0014279641
1978-12-01,5.3,0.0017710911,5.3008717,5.2863091,5.3154344,0.00087172152
1979-01-01,5.3,0.0019418308,5.3008691,5.2863064,5.3154318,0.00086910453
1979-02-01,5.4,0.0020593116,5.3982672,5.3837045,5.4128299,-0.0017328133
1979-03-01,5.3,0.0023534126,5.3014228,5.2868601,5.3159855,0.0014228124
1979-04-01,5.3,0.0027323759,5.2994463,5.2848836,5.314009,-0.00055371025
1979-05-01,5.3,0.0030316958,5.3000002,5.2854375,5.3145628,1.645494e-07
1979-06-01,5.3,0.0033470617,5.3005695,5.2860069,5.3151322,0.00056953717
1979-07-01,5.3,0.003756704,5.3003075,5.2857448,5.3148701,0.00030746892
1979-08-01,5.4,0.0040259052,5.3991257,5.3845631,5.4136884,-0.00087425573
1979-09-01,5.4,0.0043459607,5.4,5.3854374,5.4145627,4.3801766e-08
1979-10-01,5.4,0.0046761799,5.400877,5.3863144,5.4154397,0.00087703071
1979-11-01,5.5,0.0049378612,5.5000079,5.4854453,5.5145706,7.92231e-06
1979-12-01,5.6,0.0051697174,5.5999896,5.5854269,5.6145523,-1.041479e-05
1980-01-01,5.7,0.0053254366,5.6988794,5.6843167,5.713442,-0.0011206398
1980-02-01,5.8,0.0052242739,5.8014254,5.7868628,5.8159881,0.0014254444
1980-03-01,6,0.0051087325,5.9991388,5.9845762,6.0137015,-0.00086116915
1980-04-01,6.1,0.0050163151,6.1003023,6.0857397,6.114865,0.00030233735
1980-05-01,6.3,0.0047124653,6.3000106,6.2854479,6.3145732,1.0575416e-05
1980-06-01,6.5,0.0043028556,6.5008718,6.4863091,6.5154345,0.00087179892
1980-07-01,6.8,0.0037338514,6.7994411,6.7848784,6.8140037,-0.00055894936
1980-08-01,7.1,0.002981504,7.0999947,7.085432,7.1145574,-5.2948904e-06
1980-09-01,7.4,0.0021660692,7.3999947,7.385432,7.4145573,-5.3234257e-06
1980-10-01,7.7,0.0013108796,7.6994384,7.6848757,7.7140011,-0.00056160487
1980-11-01,8,0.00037499949,8.0005669,7.9860042,8.0151295,0.00056687753
1980-12-01,8.3,-0.0004075763,8.3005668,8.2860042,8.3151295,0.00056684878
1981-01-01,8.6,-0.0010230869,8.5994357,8.584873,8.6139984,-0.00056428354
1981-02-01,8.9,-0.0016553949,8.8996872,8.8851246,8.9142499,-0.00031277235
1981-03-01,9.1,-0.0021228892,9.1003046,9.0857419,9.1148673,0.00030459946
1981-04-01,9.4,-0.0026686732,9.3996845,9.3851219,9.4142472,-0.00031547019
1981-05-01,9.6,-0.0029816601,9.5991255,9.5845628,9.6136881,-0.000874533
1981-06-01,9.7,-0.0030954727,9.7005536,9.6859909,9.7151163,0.00055361015
1981-07-01,9.8,-0.0030478734,9.7994436,9.7848809,9.8140062,-0.00055644665
1981-08-01,9.9,-0.0030500996,9.9005616,9.8859989,9.9151243,0.0005615847
1981-09-01,10,-0.0029588162,10,9.9854373,10.014563,-4.5836686e-09
1981-10-01,10.1,-0.002873331,10.099444,10.084881,10.114006,-0.00055642634
1981-11-01,10.2,-0.0028659392,10.201118,10.186555,10.215681,0.0011179283
1981-12-01,10.3,-0.0026848883,10.298879,10.284317,10.313442,-0.0011206823
1982-01-01,10.4,-0.0026131578,10.400254,10.385691,10.414817,0.00025410411
1982-02-01,10.4,-0.0022722583,10.400866,10.386304,10.415429,0.0008663118
1982-03-01,10.5,-0.0019633388,10.498572,10.484009,10.513135,-0.0014281398
1982-04-01,10.5,-0.001755961,10.500856,10.486293,10.515419,0.00085585586
1982-05-01,10.6,-0.0016681395,10.599139,10.584576,10.613701,-0.0008612652
1982-06-01,10.6,-0.0015805976,10.600869,10.586306,10.615432,0.00086909387
1982-07-01,10.7,-0.0015944849,10.700008,10.685445,10.714571,7.8656962e-06
1982-08-01,10.8,-0.0016572775,10.8,10.785437,10.814563,7.2856956e-09
1982-09-01,10.9,-0.0017481889,10.9,10.885437,10.914563,-6.667381e-08
1982-10-01,11,-0.001856453,11,10.985437,11.014563,-1.4020205e-07
1982-11-01,11.1,-0.0019694265,11.099992,11.085429,11.114555,-7.9509572e-06
1982-12-01,11.2,-0.0020586012,11.199136,11.184573,11.213699,-0.00086396459
1983-01-01,11.2,-0.0020495207,11.201423,11.18686,11.215985,0.0014226476
1983-02-01,11.3,-0.001984176,11.298569,11.284007,11.313132,-0.0014307443
1983-03-01,11.3,-0.0019573036,11.3,11.285437,11.314563,-7.1248785e-10
1983-04-01,11.3,-0.0019480841,11.301439,11.286876,11.316001,0.0014385033
1983-05-01,11.4,-0.0019318016,11.399444,11.384881,11.414006,-0.00055639867
1983-06-01,11.5,-0.0019873653,11.499685,11.485122,11.514247,-0.00031538006
1983-07-01,11.5,-0.0018737808,11.5,11.485437,11.514563,-1.4731479e-07
1983-08-01,11.5,-0.0017666961,11.500307,11.485745,11.51487,0.00030741931
1983-09-01,11.6,-0.0018275122,11.5997,11.585138,11.614263,-0.00029964361
1983-10-01,11.6,-0.0017580144,11.600861,11.586299,11.615424,0.00086129402
1983-11-01,11.7,-0.0017176768,11.698593,11.68403,11.713156,-0.001407151
1983-12-01,11.7,-0.0016372483,11.703102,11.68854,11.717665,0.0031023794
1984-01-01,11.8,-0.0012554392,11.796892,11.78233,11.811455,-0.0031078032
1984-02-01,11.8,-0.0012336943,11.800851,11.786288,11.815413,0.00085054585
1984-03-01,11.9,-0.0013379247,11.900254,11.885691,11.914816,0.00025381595
1984-04-01,11.9,-0.0012090439,11.898866,11.884303,11.913429,-0.0011339496
1984-05-01,11.9,-0.0012182351,11.899682,11.885119,11.914245,-0.0003181547
1984-06-01,11.8,-0.0011206851,11.800305,11.785742,11.814867,0.0003046063
1984-07-01,11.8,-0.0011598768,11.799695,11.785133,11.814258,-0.00030481752
1984-08-01,11.7,-0.0010953462,11.700313,11.68575,11.714875,0.00031258523
1984-09-01,11.7,-0.0011786262,11.700556,11.685994,11.715119,0.00055634132
1984-10-01,11.7,-0.001188778,11.698575,11.684012,11.713137,-0.0014254864
1984-11-01,11.6,-0.0011889097,11.601428,11.586865,11.615991,0.0014280252
1984-12-01,11.6,-0.0010863753,11.599706,11.585143,11.614268,-0.00029440593
1985-01-01,11.5,-0.0008039138,11.5003,11.485737,11.514862,0.00029951609
1985-02-01,11.5,-0.00068001794,11.499128,11.484566,11.513691,-0.00087175832
1985-03-01,11.4,-0.00059482231,11.400307,11.385745,11.41487,0.00030732575
1985-04-01,11.4,-0.0006987189,11.400562,11.385999,11.415124,0.00056156139
1985-05-01,11.4,-0.00071693396,11.399136,11.384574,11.413699,-0.00086382223
1985-06-01,11.3,-0.00065137915,11.300869,11.286306,11.315432,0.00086905978
1985-07-01,11.3,-0.00064996904,11.300008,11.285445,11.314571,7.8561513e-06
1985-08-01,11.3,-0.00067956644,11.3,11.285437,11.314563,-9.2377661e-10
1985-09-01,11.3,-0.0007311677,11.3,11.285437,11.314563,-1.2034057e-07
1985-10-01,11.3,-0.00081046917,11.299995,11.285432,11.314557,-5.3366251e-06
1985-11-01,11.3,-0.00094305415,11.299438,11.284876,11.314001,-0.00056170939
1985-12-01,11.3,-0.0011993821,11.300561,11.285999,11.315124,0.00056146694
1986-01-01,11.3,-0.0013934737,11.299995,11.285432,11.314557,-5.2889518e-06
1986-02-01,11.3,-0.0016341802,11.298882,11.284319,11.313445,-0.0011180797
1986-03-01,11.3,-0.002062008,11.30168,11.287117,11.316242,0.0016796431
1986-04-01,11.3,-0.002246343,11.298895,11.284332,11.313458,-0.0011048881
1986-05-01,11.3,-0.0026007107,11.301425,11.286863,11.315988,0.0014254789
1986-06-01,11.4,-0.0029434336,11.399136,11.384573,11.413699,-0.00086396573
1986-07-01,11.4,-0.0031845756,11.399989,11.385427,11.414552,-1.0572164e-05
1986-08-01,11.4,-0.0033374537,11.399698,11.385135,11.41426,-0.00030233121
1986-09-01,11.3,-0.0032907464,11.300869,11.286306,11.315432,0.00086898649
1986-10-01,11.3,-0.0033039949,11.299438,11.284876,11.314001,-0.00056166063
1986-11-01,11.3,-0.0034221269,11.299692,11.28513,11.314255,-0.00030752098
1986-12-01,11.2,-0.003388327,11.200866,11.186304,11.215429,0.00086632294
1987-01-01,11.2,-0.0033638902,11.199136,11.184573,11.213699,-0.00086396481
1987-02-01,11.1,-0.0032432531,11.100548,11.085986,11.115111,0.0005483494
1987-03-01,11,-0.0030248747,10.998874,10.984311,11.013437,-0.0011260293
1987-04-01,10.9,-0.0029434313,10.900254,10.885691,10.914817,0.00025404735
1987-05-01,10.7,-0.0025962778,10.700866,10.686304,10.715429,0.00086628239
1987-06-01,10.6,-0.0022602347,10.598569,10.584007,10.613132,-0.0014308058
1987-07-01,10.4,-0.0019558319,10.400548,10.385986,10.415111,0.000548457
1987-08-01,10.2,-0.0015780673,10.199451,10.184889,10.214014,-0.00054857192
1987-09-01,10,-0.0012971143,10.001431,9.986868,10.015993,0.0014306668
1987-10-01,9.9,-0.00099241846,9.8991309,9.8845683,9.9136936,-0.0008690622
1987-11-01,9.7,-0.00063741658,9.6994384,9.6848757,9.714001,-0.00056163596
1987-12-01,9.5,-0.00038232699,9.5014306,9.4868679,9.5159932,0.0014305552
1988-01-01,9.4,-0.00010022702,9.3991309,9.3845683,9.4136936,-0.00086905595
1988-02-01,9.2,0.00023495434,9.1994383,9.1848757,9.214001,-0.0005616752
1988-03-01,9,0.0004654,9.0014254,8.9868628,9.0159881,0.0014254198
1988-04-01,8.9,0.00069586327,8.8985825,8.8840198,8.9131452,-0.0014174908
1988-05-01,8.7,0.00089353098,8.7014308,8.6868681,8.7159934,0.0014307597
1988-06-01,8.6,0.0011171078,8.6000079,8.5854452,8.6145705,7.8502472e-06
1988-07-01,8.5,0.0013091568,8.4994331,8.4848705,8.5139958,-0.00056685695
1988-08-01,8.4,0.0013679474,8.3999946,8.385432,8.4145573,-5.3628508e-06
1988-09-01,8.3,0.0014135409,8.2999973,8.2854346,8.31456,-2.6922238e-06
1988-10-01,8.2,0.0015374541,8.1996977,8.1851351,8.2142604,-0.00030228168
1988-11-01,8,0.0018946961,8.0008612,7.9862985,8.0154238,0.00086118116
1988-12-01,7.9,0.0022493696,7.8985771,7.8840144,7.9131398,-0.0014228829
1989-01-01,7.7,0.0025806065,7.7014176,7.6868549,7.7159802,0.0014175827
1989-02-01,7.6,0.0029512594,7.5985824,7.5840197,7.6131451,-0.0014175898
1989-03-01,7.4,0.0033029526,7.4014256,7.3868629,7.4159883,0.0014255879
1989-04-01,7.3,0.003657759,7.2994542,7.2848915,7.3140168,-0.00054583589
1989-05-01,7.2,0.0038717876,7.200864,7.1863013,7.2154266,0.00086395608
1989-06-01,7.2,0.0039892395,7.1991389,7.1845762,7.2137015,-0.00086113992
1989-07-01,7.1,0.0041523145,7.100869,7.0863064,7.1154317,0.00086902845
1989-08-01,7.1,0.0042663442,7.0999947,7.0854321,7.1145574,-5.2706625e-06
1989-09-01,7.1,0.0043796058,7.0985693,7.0840067,7.113132,-0.0014306554
1989-10-01,7,0.0044921964,7.0014306,6.986868,7.0159933,0.0014306413
1989-11-01,7,0.0046872855,7.0000052,6.9854425,7.0145679,5.2091489e-06
1989-12-01,7,0.00494914,6.9991257,6.9845631,7.0136884,-0.00087428127
1990-01-01,6.9,0.0052774605,6.9003022,6.8857395,6.9148648,0.00030218074
1990-02-01,6.9,0.0054454905,6.9000079,6.8854452,6.9145705,7.8751516e-06
1990-03-01,6.9,0.0056155163,6.9005616,6.8859989,6.9151243,0.00056160755
1990-04-01,6.9,0.005891337,6.8994332,6.8848705,6.9139958,-0.00056683098
1990-05-01,6.9,0.0060502473,6.899441,6.8848784,6.9140037,-0.00055895113
1990-06-01,6.9,0.0060569522,6.9014333,6.8868706,6.915996,0.0014333082
1990-07-01,7,0.0060261102,6.999441,6.9848784,7.0140037,-0.00055895247
1990-08-01,7.1,0.005834699,7.0994332,7.0848705,7.1139959,-0.00056681044
1990-09-01,7.2,0.0055014609,7.2005642,7.1860015,7.2151269,0.00056419602
1990-10-01,7.3,0.0052079815,7.3003075,7.2857448,7.3148701,0.00030746124
1990-11-01,7.5,0.0047438318,7.4991336,7.4845709,7.5136963,-0.00086640919
1990-12-01,7.6,0.0042779019,7.6008637,7.5863011,7.6154264,0.00086373424
1991-01-01,7.8,0.0036858939,7.7994358,7.7848732,7.8139985,-0.00056418031
1991-02-01,8,0.0029071632,7.9994463,7.9848837,8.014009,-0.00055365685
1991-03-01,8.2,0.0020223851,8.2019975,8.1874349,8.2165602,0.0019975224
1991-04-01,8.5,0.0013437876,8.4991335,8.4845709,8.5136962,-0.00086646632
1991-05-01,8.7,0.00086611691,8.6991231,8.6845604,8.7136857,-0.000876949
1991-06-01,8.8,0.00053369068,8.8008689,8.7863062,8.8154316,0.00086890573
1991-07-01,9,0.0001893986,8.9999999,8.9854373,9.0145626,-6.2323167e-08
1991-08-01,9.2,-0.0001031198,9.1991283,9.1845656,9.2136909,-0.00087174182
1991-09-01,9.3,-0.00022997486,9.3005588,9.2859962,9.3151215,0.00055883265
1991-10-01,9.4,-0.00014728763,9.3999973,9.3854346,9.4145599,-2.7331978e-06
1991-11-01,9.5,3.2177689e-05,9.4991309,9.4845682,9.5136935,-0.00086912905
1991-12-01,9.5,0.00029515744,9.5008638,9.4863011,9.5154264,0.00086377505
1992-01-01,9.6,0.00047380324,9.5994462,9.5848835,9.6140088,-0.00055382646
1992-02-01,9.7,0.00055038564,9.7005537,9.685991,9.7151163,0.00055366765
1992-03-01,9.8,0.000769794,9.7991292,9.7845665,9.8136918,-0.00087084869
1992-04-01,9.8,0.0011441389,9.8001081,9.7855523,9.8146639,0.00010810353
1992-05-01,9.8,0.002391828,9.8013183,9.7867694,9.8158672,0.0013182924
1992-06-01,9.9,0.001852977,9.898579,9.8840301,9.9131279,-0.0014209994
1992-07-01,9.9,0.0018516844,9.9000039,9.885455,9.9145528,3.8721259e-06
1992-08-01,9.9,0.0018922572,9.9018278,9.8872788,9.9163767,0.0018277636
1992-09-01,10.1,0.0015008136,10.098802,10.084253,10.113351,-0.0011983908
1992-10-01,10.2,0.0036982734,10.201203,10.186655,10.215752,0.0012034439
1992-11-01,10.4,0.0038147995,10.398701,10.384152,10.413249,-0.0012994733
1992-12-01,10.5,0.0053278238,10.501958,10.487409,10.516507,0.0019579262
1993-01-01,10.7,0.0062669455,10.697114,10.682565,10.711663,-0.0028858295
1993-02-01,10.6,0.0069938815,10.600831,10.586282,10.61538,0.00083105631
1993-03-01,10.6,0.0068698582,10.599145,10.584597,10.613694,-0.00085456943
1993-04-01,10.5,0.0080313932,10.500562,10.486013,10.515111,0.00056201454
1993-05-01,10.4,0.010125669,10.400509,10.38596,10.415058,0.00050913791
1993-06-01,10.4,0.013283866,10.399491,10.384942,10.41404,-0.00050914742
1993-07-01,10.3,0.015735713,10.299449,10.2849,10.313997,-0.00055145442
1993-08-01,10.2,0.017714296,10.201922,10.187373,10.216471,0.0019217784
1993-09-01,10.3,0.01916981,10.29846,10.283911,10.313009,-0.0015399635
1993-10-01,10.2,0.019803414,10.202326,10.187777,10.216874,0.0023255392
1993-11-01,10.3,0.024374408,10.298721,10.284172,10.31327,-0.0012787511
1993-12-01,10.3,0.027982299,10.297791,10.283242,10.312339,-0.0022094717
1994-01-01,10.1,0.034669581,10.10035,10.085801,10.114899,0.00034963744
1994-02-01,9.9,0.040751652,9.9011777,9.8866288,9.9157266,0.0011776855
1994-03-01,9.8,0.048126576,9.7997142,9.7851653,9.8142631,-0.00028578966
1994-04-01,9.7,0.052835511,9.7010606,9.6865117,9.7156096,0.0010606481
1994-05-01,9.7,0.058113322,9.6989394,9.6843904,9.7134883,-0.0010606449
1994-06-01,9.6,0.063946585,9.6002955,9.5857466,9.6148444,0.00029547766
1994-07-01,9.5,0.073475696,9.4997973,9.4852484,9.5143462,-0.0002026933
1994-08-01,9.4,0.082444737,9.3999884,9.3854395,9.4145373,-1.1633025e-05
1994-09-01,9.3,0.092166066,9.2990411,9.2844922,9.3135901,-0.00095885741
1994-10-01,9.1,0.10379762,9.1012729,9.086724,9.1158218,0.0012729321
1994-11-01,9,0.11916857,9.0002847,8.9857358,9.0148337,0.00028473589
1994-12-01,8.9,0.13255169,8.9014201,8.8868712,8.915969,0.0014201214
1995-01-01,8.9,0.14493966,8.8983141,8.8837652,8.9128631,-0.0016858612
1995-02-01,8.9,0.15818826,8.8996902,8.8851413,8.9142391,-0.00030980848
1995-03-01,8.8,0.17452742,8.8010528,8.7865039,8.8156017,0.0010527739
1995-04-01,8.8,0.19347279,8.7981835,8.7836346,8.8127324,-0.0018165232
1995-05-01,8.7,0.21200219,8.7018097,8.6872608,8.7163586,0.0018096889
1995-06-01,8.7,0.2350826,8.698292,8.6837431,8.712841,-0.0017079543
1995-07-01,8.6,0.25937299,8.6016216,8.5870727,8.6161706,0.0016216435
1995-08-01,8.6,0.28722942,8.5999038,8.5853549,8.6144527,-9.6190608e-05
1995-09-01,8.6,0.31812811,8.5990556,8.5845067,8.6136045,-0.00094442181
1995-10-01,8.6,0.35490974,8.5982402,8.5836913,8.6127891,-0.0017597896
1995-11-01,8.3,0.39662674,8.3032755,8.2887265,8.3178244,0.0032754622
1995-12-01,8.4,0.44192653,8.3973266,8.3827776,8.4118755,-0.0026734439
1996-01-01,8.3,0.4900027,8.3007675,8.2862186,8.3153164,0.00076749303
1996-02-01,8.2,0.54479482,8.2022976,8.1877487,8.2168465,0.0022975792
1996-03-01,8.3,0.60427458,8.2986961,8.2841472,8.313245,-0.001303931
1996-04-01,8.3,0.67216424,8.3004352,8.2858863,8.3149841,0.00043523239
1996-05-01,8.3,0.74716695,8.2985739,8.284025,8.3131228,-0.0014261055
1996-06-01,8.2,0.83082358,8.2003566,8.1858077,8.2149055,0.00035661971
1996-07-01,8.1,0.92179107,8.1010779,8.086529,8.1156268,0.0010779227
1996-08-01,8.1,1.0234773,8.1000068,8.0854579,8.1145557,6.8004701e-06
1996-09-01,8.1,1.1366628,8.0995895,8.0850405,8.1141384,-0.00041053805
1996-10-01,8,1.262398,7.9994858,7.9849369,8.0140347,-0.00051418633
1996-11-01,7.8,1.4011999,7.7998434,7.7852945,7.8143923,-0.00015662768
1996-12-01,7.7,1.5556538,7.7008038,7.6862549,7.7153527,0.0008037672
1997-01-01,7.5,1.7296032,7.4990942,7.4845453,7.5136431,-0.00090581064
1997-02-01,7.3,1.9245258,7.3007508,7.2862019,7.3152997,0.0007508301
1997-03-01,7.2,2.1411108,7.2005441,7.1859952,7.215093,0.00054409348
1997-04-01,7.2,2.3775677,7.2000402,7.1854913,7.2145891,4.0175983e-05
1997-05-01,7.2,2.6391843,7.2010329,7.186484,7.2155818,0.0010328839
1997-06-01,7.3,2.9302872,7.2966166,7.2820677,7.3111655,-0.0033833858
1997-07-01,7.1,3.2559074,7.0990934,7.0845514,7.1136353,-0.00090664112
1997-08-01,6.8,3.4926435,6.8019596,6.7874246,6.8164947,0.0019596455
1997-09-01,6.7,3.6459138,6.7001565,6.6856215,6.7146916,0.00015654481
1997-10-01,6.6,3.7484456,6.5997974,6.5852624,6.6143324,-0.00020261154
1997-11-01,6.5,3.8026464,6.5001449,6.4856099,6.51468,0.00014493608
1997-12-01,6.4,3.8069692,6.4006714,6.3861364,6.4152064,0.00067140615
1998-01-01,6.4,3.7397991,6.4002747,6.3857396,6.4148097,0.00027465185
1998-02-01,6.4,3.5689587,6.3986033,6.3840683,6.4131383,-0.0013966934
1998-03-01,6.3,3.2751784,6.2997037,6.2851687,6.3142388,-0.0002962634
1998-04-01,6.3,2.8750039,6.3008469,6.2863119,6.3153819,0.00084690837
1998-05-01,6.3,2.5581897,6.3011706,6.2866356,6.3157056,0.0011705809
1998-06-01,6.3,2.3954663,6.2991176,6.2845826,6.3136526,-0.00088238317
1998-07-01,6.3,2.2091006,6.298979,6.2844439,6.313514,-0.0010210437
1998-08-01,6.2,1.9973203,6.2010427,6.1865076,6.2155777,0.0010426561
1998-09-01,6.2,1.7755572,6.2000661,6.185531,6.2146011,6.6057423e-05
1998-10-01,6.2,1.5797221,6.1984941,6.1839591,6.2130291,-0.0015059021
1998-11-01,6.1,1.4053329,6.1027697,6.0882347,6.1173047,0.0027697038
1998-12-01,6.2,1.2575311,6.1988683,6.1843333,6.2134033,-0.0011317156
1999-01-01,6.2,1.1365995,6.199845,6.18531,6.21438,-0.00015499632
1999-02-01,6.2,1.0682789,6.200145,6.18561,6.21468,0.00014498721
1999-03-01,6.2,1.0679424,6.1991401,6.1846051,6.2136751,-0.00085989118
1999-04-01,6.1,1.1178689,6.0998367,6.0853017,6.1143718,-0.00016326098
1999-05-01,6,1.1910686,6.0011753,5.9866403,6.0157104,0.0011753355
1999-06-01,6,1.3131571,5.9989754,5.9844404,6.0135104,-0.0010246112
1999-07-01,5.9,1.4749101,5.9012244,5.8866894,5.9157594,0.0012243938
1999-08-01,5.9,1.6963228,5.8987662,5.8842312,5.9133012,-0.0012338255
1999-09-01,5.8,1.959946,5.8015346,5.7869996,5.8160696,0.0015346325
1999-10-01,5.8,2.2556401,5.7999663,5.7854312,5.8145013,-3.3739742e-05
1999-11-01,5.8,2.5418418,5.8003584,5.7858234,5.8148934,0.00035841376
1999-12-01,5.9,2.7820847,5.8980545,5.8835195,5.9125895,-0.0019455128
2000-01-01,5.8,3.0086765,5.8008905,5.7863555,5.8154255,0.00089052638
2000-02-01,5.8,3.2225543,5.799839,5.785304,5.814374,-0.00016097029
2000-03-01,5.7,3.4198164,5.6991809,5.6846458,5.7137159,-0.00081914963
2000-04-01,5.6,3.5666449,5.6002571,5.5857221,5.6147921,0.00025709061
2000-05-01,5.5,3.706134,5.4986043,5.4840693,5.5131393,-0.0013957242
2000-06-01,5.3,3.817761,5.3027323,5.2881989,5.3172657,0.0027323097
2000-07-01,5.3,3.9245769,5.2993279,5.2847962,5.3138596,-0.00067209028
2000-08-01,5.3,4.0269828,5.3015295,5.2869978,5.3160612,0.0015295276
2000-09-01,5.4,4.1582781,5.3979872,5.3834555,5.4125189,-0.0020128153
2000-10-01,5.3,4.3013937,5.2999943,5.2854625,5.314526,-5.7432551e-06
2000-11-01,5.2,4.3941531,5.2006106,5.1860789,5.2151423,0.00061060945
2000-12-01,5.2,4.4211219,5.2003374,5.1858057,5.2148691,0.00033736984
2001-01-01,5.2,4.3870145,5.1981229,5.1835912,5.2126546,-0.0018770815
2001-02-01,5.1,4.2705587,5.1005018,5.0859701,5.1150336,0.00050184117
2001-03-01,5,4.0987327,5.0000196,4.9854879,5.0145513,1.9610782e-05
2001-04-01,4.9,3.8648286,4.9016597,4.887128,4.9161914,0.0016597022
2001-05-01,5,3.5720427,4.999338,4.9848063,5.0138697,-0.00066196473
2001-06-01,5,3.2703787,5.0009355,4.9864038,5.0154672,0.00093551861
2001-07-01,5.1,2.9639322,5.0987615,5.0842298,5.1132932,-0.001238529
2001-08-01,5.1,2.6460998,5.099853,5.0853213,5.1143847,-0.00014696564
2001-09-01,5.1,2.3361079,5.1001143,5.0855826,5.114646,0.00011429253
2001-10-01,5.1,2.0776243,5.1008335,5.0863018,5.1153652,0.00083349143
2001-11-01,5.2,1.8679555,5.1990554,5.1845237,5.2135872,-0.00094455146
2001-12-01,5.2,1.7259839,5.1995846,5.1850529,5.2141163,-0.00041538164
2002-01-01,5.1,1.6570172,5.1021283,5.0875966,5.11666,0.0021282916
2002-02-01,5.2,1.6535051,5.1987236,5.1841935,5.2132538,-0.0012763602
2002-03-01,5.2,1.5666224,5.2000638,5.1855321,5.2145955,6.3796434e-05
2002-04-01,5.2,1.5421096,5.1993685,5.1848368,5.2139002,-0.000631496
2002-05-01,5.2,1.5640852,5.2004295,5.1859,5.214959,0.00042953276
2002-06-01,5.2,1.4966006,5.1998684,5.1853367,5.2144001,-0.00013157716
2002-07-01,5.2,1.4888954,5.20177,5.1872383,5.2163018,0.0017700473
2002-08-01,5.3,1.5274975,5.2971905,5.2826611,5.3117199,-0.002809494
2002-09-01,5.2,1.4794342,5.2012036,5.1866719,5.2157353,0.0012036314
2002-10-01,5.2,1.4763067,5.1988366,5.1843049,5.2133683,-0.001163416
2002-11-01,5.1,1.5187237,5.1001196,5.0855902,5.114649,0.0001196298
2002-12-01,5,1.4300882,5.0023149,4.9877832,5.0168466,0.0023149115
2003-01-01,5.1,1.3803567,5.1000714,5.0855397,5.1146031,7.1402241e-05
2003-02-01,5.2,1.3647417,5.1976373,5.1831079,5.2121667,-0.0023626772
2003-03-01,5.1,1.2155931,5.0996716,5.0851399,5.1142033,-0.00032837014
2003-04-01,5,1.1114101,4.999961,4.9854293,5.0144927,-3.9030221e-05
2003-05-01,4.9,1.0806256,4.9032333,4.8887039,4.9177627,0.0032333122
2003-06-01,5.1,0.92388578,5.0981776,5.0836458,5.1127093,-0.0018224416
2003-07-01,5.1,0.88790975,5.0988041,5.0842724,5.1133358,-0.0011959384
2003-08-01,5,0.98276334,5.0014207,4.9868913,5.0159501,0.0014207184
2003-09-01,5,1.0527848,4.9989854,4.9844537,5.0135171,-0.0010145884
2003-10-01,4.9,1.2431205,4.9013799,4.8868481,4.9159116,0.0013798564
2003-11-01,4.9,1.5143543,4.898493,4.8839636,4.9130224,-0.0015070107
2003-12-01,4.8,1.6587955,4.8014223,4.7868905,4.815954,0.0014222567
2004-01-01,4.8,1.8563346,4.7998523,4.7853206,4.814384,-0.00014772172
2004-02-01,4.8,2.0986964,4.7999209,4.7853915,4.8144503,-7.9086761e-05
2004-03-01,4.8,2.2379188,4.7999545,4.7854227,4.8144862,-4.5547208e-05
2004-04-01,4.8,2.4291551,4.8002875,4.7857558,4.8148193,0.00028754051
2004-05-01,4.8,2.6777156,4.7999757,4.7854464,4.8145051,-2.4250284e-05
2004-06-01,4.8,2.7909562,4.7986009,4.7840692,4.8131326,-0.0013991105
2004-07-01,4.7,2.8942359,4.7009732,4.6864415,4.715505,0.00097323852
2004-08-01,4.7,2.9913354,4.7000731,4.6855437,4.7146025,7.3072789e-05
2004-09-01,4.7,2.9557913,4.7001206,4.6855889,4.7146524,0.00012064131
2004-10-01,4.7,2.9127713,4.6996866,4.6851549,4.7142183,-0.00031343785
2004-11-01,4.7,2.8437222,4.7001365,4.6856071,4.7146659,0.00013650341
2004-12-01,4.7,2.613217,4.7008492,4.6863175,4.715381,0.00084924062
2005-01-01,4.8,2.3768061,4.7979309,4.7833992,4.8124626,-0.0020690955
2005-02-01,4.7,2.1830877,4.7006667,4.6861373,4.7151961,0.00066670383
2005-03-01,4.7,1.8264645,4.7008221,4.6862904,4.7153538,0.00082206983
2005-04-01,4.8,1.490498,4.7990736,4.7845419,4.8136053,-0.00092643137
2005-05-01,4.8,1.2167284,4.799068,4.7845386,4.8135974,-0.00093197386
2005-06-01,4.7,0.80582106,4.7010583,4.6865265,4.71559,0.001058254
2005-07-01,4.7,0.47863097,4.7007174,4.6861857,4.7152491,0.00071740249
2005-08-01,4.7,0.25635034,4.701479,4.6869496,4.7160084,0.0014789926
2005-09-01,4.9,-0.12621149,4.900269,4.8857373,4.9148007,0.00026897573
2005-10-01,5.1,-0.40457522,5.0974143,5.0828826,5.1119461,-0.0025856571
2005-11-01,5.1,-0.58519956,5.1002801,5.0857507,5.1148095,0.00028010461
2005-12-01,5.1,-0.88984624,5.1015057,5.086974,5.1160374,0.0015056635
2006-01-01,5.2,-1.0422916,5.198738,5.1842063,5.2132697,-0.0012620044
2006-02-01,5.2,-1.045804,5.2008837,5.1863543,5.2154131,0.0008837232
2006-03-01,5.3,-1.1970182,5.3003348,5.285803,5.3148665,0.00033475476
2006-04-01,5.4,-1.2262496,5.3998484,5.3853167,5.4143802,-0.00015155179
2006-05-01,5.5,-1.1503864,5.49867,5.4841406,5.5131994,-0.0013300251
2006-06-01,5.5,-1.2759355,5.5000075,5.4854758,5.5145392,7.4941344e-06
2006-07-01,5.5,-1.2897113,5.5001302,5.4855985,5.5146619,0.00013018472
2006-08-01,5.5,-1.1708054,5.5002635,5.4857341,5.5147929,0.00026345417
2006-09-01,5.5,-1.1299271,5.4988854,5.4843537,5.5134171,-0.0011146216
2006-10-01,5.4,-0.9727639,5.4024693,5.3879376,5.417001,0.0024692814
2006-11-01,5.5,-0.71022524,5.4989484,5.484419,5.5134778,-0.0010515602
2006-12-01,5.5,-0.55382541,5.5000661,5.4855344,5.5145978,6.6093251e-05
2007-01-01,5.5,-0.29670064,5.4998216,5.4852899,5.5143533,-0.00017840421
2007-02-01,5.5,0.028757529,5.5002175,5.4856881,5.5147469,0.0002175373
2007-03-01,5.5,0.27525226,5.4991498,5.4846181,5.5136815,-0.00085016679
2007-04-01,5.4,0.54978043,5.4007618,5.3862301,5.4152936,0.00076183971
2007-05-01,5.4,0.82287533,5.3987063,5.3841769,5.4132357,-0.0012937061
2007-06-01,5.3,0.91215232,5.3009017,5.28637,5.3154334,0.00090171123
2007-07-01,5.3,0.96856667,5.2999545,5.2854228,5.3144863,-4.5451143e-05
2007-08-01,5.3,0.98472653,5.2986975,5.2841681,5.3132269,-0.0013024943
2007-09-01,5.2,0.83478585,5.2007915,5.1862598,5.2153232,0.00079146836
2007-10-01,5.2,0.64672881,5.2004258,5.185894,5.2149575,0.00042575754
2007-11-01,5.2,0.47352661,5.1999944,5.185465,5.2145238,-5.6158948e-06
2007-12-01,5.2,0.17410432,5.2005556,5.1860239,5.2150873,0.00055558987
2008-01-01,5.2,-0.12183601,5.199933,5.1854013,5.2144647,-6.6990066e-05
2008-02-01,5.2,-0.41953078,5.200319,5.1857896,5.2148484,0.00031903624
2008-03-01,5.3,-0.85831802,5.2979069,5.2833752,5.3124387,-0.0020930536
2008-04-01,5.2,-1.2712374,5.2028308,5.1882991,5.2173625,0.0028307848
2008-05-01,5.4,-1.6674245,5.398842,5.3843126,5.4133713,-0.0011580462
2008-06-01,5.5,-2.2761457,5.5007842,5.4862525,5.5153159,0.0007842341
2008-07-01,5.7,-2.8394166,5.6998681,5.6853364,5.7143998,-0.00013192034
2008-08-01,5.9,-3.3381119,5.8987493,5.8842199,5.9132787,-0.0012507364
2008-09-01,6,-3.9887608,6.0011947,5.9866629,6.0157264,0.0011946606
2008-10-01,6.2,-4.5678085,6.1992609,6.1847292,6.2137926,-0.00073912742
2008-11-01,6.4,-5.0612234,6.3989593,6.3844299,6.4134887,-0.0010407386
2008-12-01,6.5,-5.646437,6.5015282,6.4869965,6.5160599,0.0015281635
2009-01-01,6.7,-6.1029725,6.7006379,6.6861061,6.7151696,0.00063786102
2009-02-01,7.1,-6.4439764,7.0995836,7.0850542,7.114113,-0.00041638299
2009-03-01,7.3,-6.7859941,7.3015688,7.2870371,7.3161005,0.0015687628
2009-04-01,7.6,-7.028402,7.5990211,7.5844894,7.6135528,-0.00097889854
2009-05-01,7.8,-7.1880391,7.7987696,7.7842402,7.813299,-0.0012304113
2009-06-01,7.9,-7.3709928,7.8990819,7.8845502,7.9136136,-0.00091808225
2009-07-01,7.9,-7.4797371,7.8993124,7.8847807,7.9138441,-0.00068759263
2009-08-01,7.8,-7.5179993,7.8025143,7.7879849,7.8170437,0.0025143428
2009-09-01,7.9,-7.5127183,7.8976811,7.8831494,7.9122128,-0.0023189109
2009-10-01,7.8,-7.4313973,7.801408,7.7868763,7.8159397,0.0014080064
2009-11-01,7.8,-7.2654684,7.7995393,7.78501,7.8140687,-0.00046065295
2009-12-01,7.7,-7.0743137,7.7026225,7.6880907,7.7171542,0.0026224551
2010-01-01,7.9,-6.840858,7.8993197,7.884788,7.9138514,-0.00068033551
2010-02-01,8,-6.6028435,7.9988138,7.9842844,8.0133432,-0.0011862266
2010-03-01,8,-6.3606344,7.9987636,7.9842319,8.0132953,-0.0012363995
2010-04-01,7.9,-6.1008549,7.9014436,7.8869119,7.9159754,0.0014436438
2010-05-01,7.9,-5.8158592,7.8985827,7.8840533,7.9131121,-0.0014172705
2010-06-01,7.8,-5.5368423,7.80097,7.7864382,7.8155017,0.00096995224
2010-07-01,7.8,-5.2941611,7.7996933,7.7851615,7.814225,-0.00030673955
2010-08-01,7.8,-5.1160952,7.8012031,7.7866737,7.8157325,0.0012031419
2010-09-01,7.9,-4.8644371,7.8992146,7.8846829,7.9137463,-0.00078536248
2010-10-01,7.9,-4.6522507,7.8999887,7.885457,7.9145204,-1.130517e-05
2010-11-01,7.9,-4.4908358,7.899696,7.8851666,7.9142254,-0.00030402982
2010-12-01,7.9,-4.2463879,7.898921,7.8843893,7.9134527,-0.001079025
2011-01-01,7.8,-4.0733409,7.801269,7.7867373,7.8158007,0.0012690216
2011-02-01,7.8,-3.9591316,7.7984574,7.7839281,7.8129868,-0.0015425536
2011-03-01,7.7,-3.7846581,7.701904,7.6873723,7.7164357,0.0019040205
2011-04-01,7.8,-3.6908806,7.8002666,7.7857349,7.8147983,0.00026657158
2011-05-01,7.9,-3.6694257,7.9002516,7.8857222,7.914781,0.00025159657
2011-06-01,8,-3.5990602,8.000514,7.9859823,8.0150457,0.00051403451
2011-07-01,8.2,-3.6196535,8.1989615,8.1844298,8.2134932,-0.0010384825
2011-08-01,8.3,-3.7257245,8.3002303,8.2857009,8.3147597,0.00023030413
2011-09-01,8.4,-3.7285015,8.399924,8.3853923,8.4144557,-7.5974921e-05
2011-10-01,8.5,-3.8205567,8.497993,8.4834613,8.5125247,-0.0020070246
2011-11-01,8.4,-3.9732485,8.4000299,8.3855005,8.4145593,2.9935896e-05
2011-12-01,8.3,-3.9741833,8.3014963,8.2869646,8.316028,0.0014962937
2012-01-01,8.3,-4.0206858,8.2985425,8.2840108,8.3130742,-0.0014575301
2012-02-01,8.2,-4.1162147,8.200931,8.1864016,8.2154604,0.00093103012
2012-03-01,8.2,-4.0720095,8.199683,8.1851513,8.2142147,-0.00031702566
2012-04-01,8.1,-4.0638013,8.0991034,8.0845717,8.1136351,-0.0008966068
2012-05-01,8,-4.0998637,8.0011167,7.9865873,8.015646,0.0011166501
2012-06-01,8,-3.9773459,7.999577,7.9850452,8.0141087,-0.00042303922
2012-07-01,7.9,-3.8936845,7.900207,7.8856753,7.9147388,0.00020704041
2012-08-01,7.8,-3.896635,7.8004886,7.7859592,7.815018,0.00048858036
2012-09-01,7.8,-3.752648,7.7995874,7.7850557,7.8141191,-0.00041263333
2012-10-01,7.8,-3.6941246,7.800692,7.7861603,7.8152237,0.00069200781
2012-11-01,7.8,-3.707117,7.8002433,7.7857139,7.8147727,0.0002433366
2012-12-01,7.8,-3.584598,7.8018619,7.7873302,7.8163936,0.001861913
2013-01-01,8,-3.5559734,7.9954792,7.9809474,8.0100109,-0.0045208485
2013-02-01,7.8,-3.6175156,7.8025176,7.7879882,7.817047,0.0025175807
2013-03-01,7.8,-3.4895109,7.7990839,7.7845522,7.8136156,-0.00091613039
2013-04-01,7.7,-3.4343526,7.7011727,7.686641,7.7157044,0.0011727208
2013-05-01,7.7,-3.4437929,7.7000043,7.6854749,7.7145337,4.2992343e-06
2013-06-01,7.7,-3.3050814,7.6998382,7.6853064,7.7143699,-0.00016184217
2013-07-01,7.7,-3.2372575,7.6990578,7.6845261,7.7135895,-0.00094218007
2013-08-01,7.6,-3.2262036,7.599009,7.5844796,7.6135384,-0.00099098653
2013-09-01,7.4,-3.0206203,7.4001331,7.3856014,7.4146648,0.00013309247
2013-10-01,7.2,-2.8590932,7.2017827,7.187251,7.2163145,0.0017827495
2013-11-01,7.2,-2.7569317,7.1989084,7.184379,7.2134378,-0.0010916139
2013-12-01,7.1,-2.4596279,7.099807,7.0852752,7.1143387,-0.00019304772
2014-01-01,6.9,-2.2109181,6.8993022,6.8847705,6.9138339,-0.00069782822
2014-02-01,6.7,-2.0593875,6.7011224,6.686593,6.7156518,0.0011224286
2014-03-01,6.6,-1.7245702,6.5988878,6.5843561,6.6134195,-0.0011122002
2014-04-01,6.4,-1.4623115,6.4012905,6.3867588,6.4158222,0.0012904927
2014-05-01,6.3,-1.2640215,6.2993417,6.2848123,6.3138711,-0.00065832352
2014-06-01,6.1,-0.89682675,6.1006941,6.0861623,6.1152258,0.00069405531
2014-07-01,6,-0.60788759,6.0010952,5.9865635,6.0156269,0.0010951989
2014-08-01,6,-0.4060858,5.9991517,5.9846531,6.0136503,-0.00084832196
2014-09-01,5.9,-0.084340866,5.9003778,5.8859075,5.9148481,0.00037779678
2014-10-01,5.9,0.098793347,5.8976152,5.8831449,5.9120855,-0.0023847756
2014-11-01,5.7,0.16473713,5.7005115,5.6860435,5.7149795,0.00051146816
2014-12-01,5.6,0.3159133,5.6028101,5.5883398,5.6172803,0.0028100553
2015-01-01,5.6,0.38163438,5.5979444,5.5834741,5.6124147,-0.0020556323
2015-02-01,5.5,0.37062838,5.5017114,5.4872433,5.5161794,0.0017113507
2015-03-01,5.5,0.53736078,5.5011761,5.4867058,5.5156464,0.0011761402
2015-04-01,5.6,0.65050328,5.5984838,5.5840135,5.6129541,-0.001516172
2015-05-01,5.6,0.72063694,5.5984576,5.5839896,5.6129256,-0.0015423999
2015-06-01,5.5,0.92574815,5.5000552,5.4855849,5.5145255,5.5161689e-05
2015-07-01,5.4,1.0702765,5.3994593,5.384989,5.4139296,-0.00054067738
2015-08-01,5.3,1.0924644,5.3002176,5.2857496,5.3146856,0.00021760531
2015-09-01,5.2,1.2253419,5.2002405,5.1857702,5.2147108,0.00024049358
2015-10-01,5.1,1.2536947,5.1015449,5.0870746,5.1160152,0.0015449418
2015-11-01,5.1,1.1779863,5.0993188,5.0848508,5.1137868,-0.00068122671
2015-12-01,5.1,1.1692687,5.1005295,5.0860592,5.1149998,0.00052948679
2016-01-01,5.1,1.0404085,5.1000303,5.08556,5.1145006,3.0316302e-05
2016-02-01,5.1,0.87236954,5.0980397,5.0835717,5.1125077,-0.0019603187
2016-03-01,5,0.82716396,5.0001246,4.9856543,5.0145949,0.00012460956
2016-04-01,4.9,0.76148285,4.9014969,4.8870266,4.9159672,0.0014968949
2016-05-01,4.9,0.67167781,4.8998951,4.8854271,4.9143631,-0.00010485866
2016-06-01,4.9,0.62622882,4.9015907,4.8871204,4.916061,0.0015906978
2016-07-01,5,0.57803696,4.9955542,4.9810839,5.0100245,-0.004445779
2016-08-01,4.8,0.52077335,4.8029383,4.788467,4.8174096,0.002938314
2016-09-01,4.8,0.52725438,4.8001541,4.7856703,4.814638,0.00015413551
2016-10-01,4.8,0.54143747,4.7984756,4.784002,4.8129492,-0.0015244158
2016-11-01,4.7,0.56701942,4.7013722,4.6869009,4.7158436,0.001372249
2016-12-01,4.7,0.63284177,4.698883,4.6843991,4.7133669,-0.001117028
2017-01-01,4.6,0.70738687,4.6014106,4.5869371,4.6158842,0.0014106491
2017-02-01,4.6,0.80553498,4.5988119,4.5843406,4.6132832,-0.0011880869
2017-03-01,4.5,0.98518221,4.4993077,4.4848238,4.5137916,-0.0006923088
2017-04-01,4.4,1.169588,4.4020709,4.3875973,4.4165445,0.0020708647
2017-05-01,4.4,1.3254361,4.3980116,4.3835403,4.4124829,-0.0019884277
2017-06-01,4.3,1.4445594,4.3014334,4.2869496,4.3159173,0.0014334376
2017-07-01,4.3,1.5787198,4.2999757,4.2855021,4.3144492,-2.4340885e-05
2017-08-01,4.3,1.6734384,4.2989043,4.284433,4.3133756,-0.0010956657
2017-09-01,4.2,1.8072816,4.2029381,4.1884542,4.217422,0.002938094
2017-10-01,4.3,1.9626013,4.3002002,4.2857266,4.3146737,0.00020015118
2017-11-01,4.4,2.0951757,4.3963312,4.3818599,4.4108025,-0.0036688335
2017-12-01,4.3,2.19705,4.2998294,4.2853455,4.3143133,-0.00017060456
2018-01-01,4.2,2.3201931,4.2016518,4.1871782,4.2161254,0.0016517857
2018-02-01,4.2,2.3838148,4.1996904,4.1852191,4.2141617,-0.00030955973
2018-03-01,4.2,2.4465088,4.2009387,4.1864548,4.2154225,0.00093866386
2018-04-01,4.2,2.5462487,4.1970558,4.1825789,4.2115327,-0.0029441609
2018-05-01,4,2.6248428,4.0025493,3.9880677,4.0170308,0.0025492505
2018-06-01,4,2.7323996,4.0004275,3.9859539,4.0149011,0.00042748855
2018-07-01,4,2.8339494,4.0009873,3.986517,4.0154575,0.00098725358
2018-08-01,4.1,2.894385,4.0984063,4.0839349,4.1128776,-0.0015937479
2018-09-01,4.1,2.9792822,4.098105,4.0836211,4.1125889,-0.001894987
2018-10-01,4,3.0921949,4.0021739,3.9877003,4.0166475,0.0021738906
2018-11-01,4,3.1681563,3.9979797,3.9835084,4.012451,-0.002020266
2018-12-01,3.9,3.1906533,3.9034873,3.8890035,3.9179712,0.003487348
2019-01-01,4,3.250993,3.9953358,3.9808622,4.0098093,-0.0046642426
2019-02-01,3.8,3.235804,3.8026346,3.7881633,3.8171059,0.0026346093
2019-03-01,3.8,3.1735666,3.7998983,3.7854144,3.8143821,-0.0001017408
2019-04-01,3.8,3.143254,3.8015554,3.7870818,3.816029,0.0015554132
2019-05-01,3.9,3.0465311,3.8982921,3.8838208,3.9127634,-0.0017079446
2019-06-01,3.9,2.9241293,3.9003714,3.8858876,3.9148553,0.00037143821
2019-07-01,3.9,2.8364806,3.8999753,3.8855017,3.9144489,-2.4736071e-05
2019-08-01,3.9,2.670279,3.8982517,3.8837804,3.912723,-0.0017483319
2019-09-01,3.8,2.436447,3.801075,3.7865911,3.8155589,0.0010749948
2019-10-01,3.8,2.2261059,3.7984347,3.7839611,3.8129083,-0.0015652762
2019-11-01,3.7,1.889428,3.7049387,3.6904671,3.7194102,0.0049386569
2019-12-01,3.9,1.4507225,3.8960466,3.881477,3.9106161,-0.0039534386
2020-01-01,3.9,1.0191202,3.7215761,3.6095056,3.8336465,-0.17842394
2020-02-01,4.1,0.38719984,3.7040925,3.5561352,3.8520499,-0.39590745
2020-03-01,4.1,-0.32401195,3.9658183,3.7968132,4.1348233,-0.13418175
2020-04-01,4.1,-1.3019574,5.3802919,5.1967949,5.5637888,1.2802919
2020-05-01,4.1,-2.3356177,6.2394982,6.0469165,6.4320799,2.1394982
2020-06-01,4.4,-3.1995206,6.1113903,5.9109042,6.3118765,1.7113903
2020-07-01,4.6,-3.7562005,6.0159105,5.813077,6.218744,1.4159105
2020-08-01,5,-3.9622995,5.88364,5.6787019,6.0885782,0.88364002
2020-09-01,5.2,-4.0070193,5.7393002,5.5313232,5.9472772,0.5393002
2020-10-01,5.2,-4.0745044,5.6115907,5.4024832,5.8206982,0.41159071
2020-11-01,5.3,-4.0011954,5.6516206,5.4416301,5.861611,0.35162058
2020-12-01,5.2,-3.7700839,5.6353145,5.4234159,5.8472132,0.43531451
2021-01-01,5,-3.5568259,5.646784,5.4346765,5.8588915,0.64678395
2021-02-01,4.9,-3.0419668,5.6981769,5.4859864,5.9103674,0.79817688
2021-03-01,4.8,-2.2603316,5.5771697,5.3638206,5.7905189,0.77716974
2021-04-01,4.8,-1.4129015,5.2940434,5.0811599,5.5069269,0.49404338
2021-05-01,4.7,-0.24904748,4.8351799,4.6228606,5.0474992,0.13517987
2021-06-01,4.6,0.81752302,4.4705626,4.2577502,4.683375,-0.12943739
2021-07-01,4.5,1.8180678,4.2750907,4.0634405,4.4867409,-0.2249093
2021-08-01,4.4,2.7248298,4.0270027,3.8166754,4.2373299,-0.37299734
2021-09-01,4.3,3.3714745,3.8393993,3.6294878,4.0493108,-0.4606007
2021-10-01,4.2,3.9812118,3.7324409,3.5247754,3.9401064,-0.46755913
2021-11-01,4.2,4.3398023,3.6244505,3.417875,3.8310261,-0.57554949
2021-12-01,4.1,4.4581736,3.6641232,3.458055,3.8701915,-0.43587676
2022-01-01,3.9,4.6104732,3.6914841,3.4865932,3.896375,-0.20851589
2022-02-01,3.8,4.7927919,3.5632419,3.3593315,3.7671522,-0.23675814
2022-03-01,3.8,4.9234318,3.488755,3.2849535,3.6925564,-0.31124504
2022-04-01,3.7,5.0717402,3.4321041,3.2291192,3.635089,-0.26789592
2022-05-01,3.8,5.1358509,3.4024751,3.2001605,3.6047897,-0.39752491
2022-06-01,3.6,5.0819718,3.4225396,3.2200784,3.6250007,-0.17746044
2022-07-01,3.6,5.0047591,3.4349217,3.2330653,3.636778,-0.16507835
2022-08-01,3.7,4.8325583,3.4459272,3.2445599,3.6472945,-0.25407282
2022-09-01,3.8,4.4933848,3.5088349,3.3071658,3.710504,-0.29116507
2022-10-01,3.9,4.1036239,3.587134,3.3859404,3.7883276,-0.31286598
2022-11-01,3.9,3.6406846,3.6784924,3.4776765,3.8793083,-0.22150761
2022-12-01,3.9,3.1421017,3.8615846,3.6603691,4.0628001,-0.038415408
2023-01-01,4,2.7571011,3.8980212,3.6971984,4.0988441,-0.10197877
2023-02-01,4,2.5259646,3.8162634,3.6157455,4.0167814,-0.18373656
2023-03-01,3.9,2.2720887,3.8750262,3.6740427,4.0760096,-0.024973846
2023-04-01,4,2.0109877,3.9611303,3.7604814,4.1617791,-0.038869749
2023-05-01,4.2,1.7724039,3.9625153,3.7621179,4.1629127,-0.23748472
2023-06-01,4.4,1.4611687,4.0574548,3.8565412,4.2583684,-0.34254521
2023-07-01,4.3,1.254177,4.1113259,3.9106986,4.3119532,-0.18867407
2023-08-01,4.1,1.116783,4.0696315,3.8692078,4.2700552,-0.030368512
2023-09-01,4,0.85147332,4.1147799,3.9137917,4.3157681,0.11477991
2023-10-01,4,0.68664701,4.1379318,3.9371792,4.3386844,0.13793181
2023-11-01,3.9,0.52506295,4.1971183,3.9965149,4.3977217,0.29711829
2023-12-01,4.1,0.19574525,4.2572064,4.0559803,4.4584324,0.15720638
2024-01-01,4.2,0.094473121,4.2640761,4.0630196,4.4651326,0.064076097
2024-02-01,4.3,0.072873506,4.2293109,4.0283291,4.4302926,-0.070689116
2024-03-01,4.4,-0.19434971,4.2870248,4.0853375,4.488712,-0.11297524
2024-04-01,4.4,-0.25562475,4.2793104,4.077695,4.4809259,-0.12068959
2024-05-01,4.2,-0.33439115,4.2777621,4.0761079,4.4794164,0.077762136
2024-06-01,4.2,-0.6736788,4.3397386,4.1372503,4.5422269,0.1397386
2024-07-01,4.1,-0.88485191,4.4847178,4.282147,4.6872887,0.38471783
2024-08-01,4.3,-1.0080884,4.4924115,4.2896214,4.6952015,0.19241148
2024-09-01,4.2,-1.2088131,4.523265,4.3194372,4.7270927,0.32326495
2024-10-01,4.4,-1.2583961,4.5651062,4.3609909,4.7692215,0.16510617
2024-11-01,4.4,-1.2348095,4.6100587,4.4012619,4.8188555,0.21005871
2024-12-01,4.4,-1.4160588,4.6544536,4.4426072,4.8663,0.25445361
2025-01-01,4.5,-1.5408482,4.6683113,4.4573535,4.8792691,0.16831132
2025-02-01,4.6,-1.7495798,4.6749117,4.4672781,4.8825454,0.074911723
2025-03-01,4.6,-2.0084583,4.7359599,4.5264221,4.9454977,0.13595991
2025-04-01,4.7,-2.0702862,4.797402,4.5865589,5.0082451,0.09740201
2025-05-01,4.7,-2.0708682,4.8851465,4.6684088,5.1018842,0.1851465
2025-06-01,4.7,-2.1735788,4.8858069,4.6641832,5.1074306,0.18580688
2025-07-01,4.8,-2.2719842,4.8660858,4.643807,5.0883646,0.066085772
2025-08-01,5,-2.4133593,4.8784431,4.6578856,5.0990006,-0.1215569
2025-09-01,5.1,-2.5201316,4.8608451,4.6362665,5.0854238,-0.23915486
2025-10-01,5.1,-2.5182217,4.8579285,4.6297133,5.0861437,-0.24207149
2025-11-01,5.2,-2.474432,4.8773378,4.6407323,5.1139433,-0.32266216
2025-12-01,5.2,-2.5489684,4.944198,4.7002776,5.1881185,-0.25580195
2026-01-01,4.9,-2.6055438,4.9676454,4.7194828,5.215808,0.067645402
2026-02-01,5,-2.6949912,4.9449457,4.6937366,5.1961547,-0.055054347
2026-03-01,4.9,-2.7338001,4.9517651,4.6919546,5.2115755,0.051765095
2026-04-01,4.9,-2.6137096,4.9842264,4.710947,5.2575058,0.08422643
2026-05-01,4.9,-2.5286474,4.9724612,4.6841088,5.2608136,0.072461214
2026-06-01,,-2.5693971,5.0093658,4.7014101,5.3173215,
2026-07-01,,-2.5610402,5.0209468,4.6924636,5.34943,
2026-08-01,,-2.4024074,4.9512019,4.5936323,5.3087716,
